Name,UPC,System ID
Puppy Chicken Rice Can 13oz,073893940012,410000020078
"BFF PLAY PATE Tuna & Chicken Chill Out Dinner in a Hydrating Puree Wet Cat Food Pouch, 3-oz (Size: 3-oz)",813778015752,210000070588
"Cats in the Kitchen Pate Cat Times at Fridgemont Duck & Tuna Dinner in a Hydrating Puree Wet Cat Food Pouch, 3-oz (Size: 3-oz)",813778017268,210000070606
"Weruva Cat Stew Kettle Call Beef, Chicken & Salmon Dinner in Gravy Wet Cat Food Pouch, 3-oz (Size: 3-oz)",813778017725,210000069283
"BFF OMG GRAVY Duck & Salmon Date Nite! Dinner in Gravy Wet Cat Food Pouch, 2.8-oz (Size: 2.8-oz)",878408000430,210000051741
"BFF OMG GRAVY Chicken, Turkey, & Salmon Purr-Fect Plannin'! Dinner in Gravy Wet Cat Food Pouch, 2.8-oz (Size: 2.8-oz)",878408000423,210000051742
"Koha Minimal Ingredient Memphis Barbeque Slow Cooked Stew Chicken & Pork Wet Dog Food Can, 12.7-oz (Size: 12.7-oz)",811048021885,210000054263
"Weruva Classic Dog Amazon Livin' with Chicken & Chicken Liver in Pumpkin Soup Wet Dog Food Can, 14-oz (Size: 14-oz)",878408005145,210000052289
"PureVita Limited Ingredient Pork Entree Wet Dog Food, 12.5-oz (Size: 12.5-oz)",073893962038,210000182931
"Fussie Cat Market Fresh Trout & Salmon Recipe Wet Cat Food, 5.5-oz (Size: 5.5-oz)",888641138470,210000204927
"Koha Pure Shreds Shredded Chicken Breast & Beef Entree Canned Dog Food, 5.5-oz (Size: 5.5-oz)",811048023124,210000162426
"Fromm Crunchy O's Peanut Butter Jammers Dog Treats, 6-oz (Size: 6-oz)",072705122004,210000169167
"Koha Pure Shreds Shredded Chicken Breast & Salmon Entrée Wet Cat Food, 2.8-oz (Size: 2.8-oz)",811048023193,210000183415
"Koha Pure Shreds Shredded Chicken Breast & Salmon Entrée Wet Cat Food, 5.5-oz (Size: 5.5-oz)",811048023162,210000183417
"NutriSource Small & Medium Breed Puppy Chicken & Rice Wet Dog Food, 5.5-oz (Size: 5.5-oz)",073893040002,210000209506
"Fromm Diner Favorites Bella's Beef Barkundy Stew Wet Dog Food, 12.5-oz (Size: 12.5-oz)",072705132560,210000211482
"Fromm Family Classic Turkey & Rice Pate Canned Dog Food, 12.5-oz (Size: 12.5-oz)",072705130061,210000185744
"Almo Nature HQS Complete Chicken Dinner with Cheese & Egg Grain-Free Wet Dog Food, 5.5-oz (Size: 5.5-oz)",699184011379,210000087435
"Weruva Wx Phos Focused Tilapia & Chicken Formula in a Hydrating Puree Wet Cat Food Can, 3-oz (Size: 3-oz)",810028242661,210000208116
"Fromm Diner Classics Milo's Meatloaf Pate Canned Dog Food, 12.5-oz (Size: 12.5-oz)",072705132324,210000194054
"Dave's Pet Food Shredded Chicken & Tuna Dinner in Gravy Wet Cat Food Can, 2.8-oz (Size: 2.8-oz)",685038118455,210000202124
"Stella & Chewy's Carnivore Cravings Shred Tuna & Mackerel Wet Cat Food, 2.8-oz (Size: 2.8-oz)",810027371195,210000168445
"Essence LIR Ocean Recipe Wet Dog Food, 13-oz (Size: 13-oz)",888641135288,210000083819
"Fromm Family PurrSnickety Salmon Pate Canned Cat Food, 5.5-oz (Size: 5.5-oz)",072705133543,210000142040
"NutriSource Chicken, Lamb & Ocean Fish Wet Dog Food Can, 13-oz (Size: 13-oz)",073893020103,210000052383
"NutriSource Grain Free Heartland Select Formula Canned Dog Food, 13-oz (Size: 13-oz)",073893030027,210000052386
"NutriSource Adult Chicken and Rice Canned Dog Food, 13-oz (Size: 13-oz)",073893020004,210000052382
"Tiki Cat Grill Mackerel & Sardines Recipe in Calamari Consomme, 2.8-oz (Size: 2.8-oz)",693804109361,210000052406
"NutriSource Cat and Kitten Chicken Turkey and Lamb Canned Cat Food, 5-oz (Size: 5-oz)",073893020202,210000052465
"BFF OMG GRAVY Tuna & Duck Devour Me Dinner in Gravy Wet Cat Food Pouch, 3-oz (Size: 3-oz)",878408008948,210000050525
"Fussie Cat Premium Tuna with Chicken Liver Formula in Aspic Grain-Free Canned Cat Food, 2.8-oz (Size: 2.8-oz)",888641133147,210000050543
"Weruva Classic Dog Bed & Breakfast with Chicken, Egg, Pumpkin & Ham in Gravy Wet Dog Food Can, 5.5-oz (Size: 5.5-oz)",878408004483,210000052605
"Weruva Classic Dog Cirque de la Mer with Tuna & Veggies in Pumpkin Soup Wet Dog Food Can, 5.5-oz (Size: 5.5-oz)",878408004469,210000052606
"Cats in the Kitchen 1 If By Land, 2 If By Sea Tuna, Beef & Salmon in Gravy Wet Cat Food Pouch, 3-oz (Size: 3-oz)",878408008252,210000050578
"Fussie Cat Premium Tuna with Clams Formula in Aspic Grain-Free Canned Cat Food, 2.82-oz (Size: 2.82-oz)",888641133000,210000050695
"Dogs in the Kitchen Goldie Lox with Chicken & Wild Caught Salmon Au Jus Wet Dog Food Pouch, 2.8-oz (Size: 2.8-oz)",878408004704,210000050709
"Dogs in the Kitchen The Double Dip with Beef & Wild Caught Salmon Au Jus Wet Dog Food Can, 10-oz (Size: 10-oz)",878408004902,210000050718
"Weruva Classic Cat Outback Grill with Sardine & Seabass in Gravy Wet Cat Food Can, 3-oz (Size: 3-oz)",878408001017,210000052821
"TRULUXE On the Cat Wok with Chicken & Beef in Pumpkin Soup Wet Cat Food Can, 3-oz (Size: 3-oz)",878408003202,210000052828
"Fussie Cat Premium Tuna with Threadfin Bream Formula in Aspic Grain-Free Canned Cat Food, 2.82-oz (Size: 2.82-oz)",888641133130,210000050983
"Instinct Kitten Grain-Free Real Chicken Recipe Natural Wet Canned Cat Food, 3-oz (Size: 3-oz)",769949610380,210000053066
"Tiki Cat After Dark Pate+ Chicken & Quail Egg Wet Cat Food Can, 2.8-oz (Size: 2.8-oz)",693804989512,210000224093
Puppy Chicken Rice Small Breed Can 5oz,,410000020077
"Dave's Pet Food Stewlicious Chicken Casserole Stew Wet Dog Food Can, 13.2-oz (Size: 13.2-oz)",685038116956,210000051139
"BFF PLAY Pate Totes! Tuna & Turkey Dinner in Puree Grain-Free Wet Cat Food Pouch, 3-oz (Size: 3-oz)",813778015714,210000070591
"Weruva Cat Pate Jolly Good Fares Chicken & Salmon Dinner in a Hydrating Puree Wet Cat Food Can, 3-oz (Size: 3-oz)",813778018371,210000070625
"Weruva Cat Pate Meows n' Holler Purramid Chicken & Shrimp Dinner in a Hydrating Puree Wet Cat Food Can, 3-oz (Size: 3-oz)",813778018388,210000070635
"Weruva Cat Pate Press Your Lunch! Chicken Dinner in a Hydrating Puree Wet Cat Food Can, 3-oz (Size: 3-oz)",813778018395,210000070640
"Dave's Pet Food 95% Premium Meats Turkey & Turkey Liver Wet Dog Food Can, 12.5-oz (Size: 12.5-oz)",685038118066,210000072544
"Fromm Chicken & Rice Pate Canned Dog Food, 12.2-oz (Size: 12.2-oz)",072705119226,210000051580
"Fromm Lamb & Sweet Potato Pate Canned Dog Food, 12.2-oz (Size: 12.2-oz)",072705119165,210000051586
"NutriSource Grain Free Woodlands Select Canned Dog Food, 13-oz (Size: 13-oz)",073893021032,210000051604
"Essence Ocean & Freshwater Wet Dog Food, 13-oz (Size: 13-oz)",888641135165,210000069554
"BFF OMG GRAVY Beef & Chicken Booya! Dinner in Gravy Wet Cat Food Pouch, 2.8-oz (Size: 2.8-oz)",878408000447,210000051739
"Almo Nature HQS Complete Chicken Dinner with Pineapple & Egg Grain-Free Wet Dog Food, 5.5-oz (Size: 5.5-oz)",699184011386,210000087438
"Almo Nature HQS Natural Chicken Recipe Kitten Grain-Free Wet Cat Food, 2.47-oz (Size: 2.47-oz)",699184011416,210000087465
"Weruva Wx Phos Focused Chicken & Tilapia Formula in Gravy Wet Cat Food Can, 3-oz (Size: 3-oz)",810028242432,210000208110
"Weruva Wx Phos Focused Chicken Formula in Gravy Wet Cat Food Can, 3-oz (Size: 3-oz)",810028242678,210000208114
"Dave's Pet Food Shredded Chicken & Duck Dinner in Gravy Wet Cat Food, 2.8-oz (Size: 2.8-oz)",685038118394,210000202122
"Fromm Diner Favorites Louie's Chicken & Pasta Stew Canned Dog Food, 12.5-oz (Size: 12.5-oz)",072705132522,210000194060
"Fromm Diner Specials Chicken Canine Bleu Entree in Gravy Canned Dog Food, 12.5-oz (Size: 12.5-oz)",072705132706,210000194063
"Essence LIR Landfowl Recipe Wet Dog Food, 13-oz (Size: 13-oz)",888641135349,210000083824
"Tiki Cat Baby Chicken & Egg Canned Cat Food, 2.4-oz (Size: 2.4-oz)",693804480941,210000194314
"Weruva Classic Dog Steak Frites Dinner with Beef, Pumpkin & Sweet Potato in Gravy Wet Dog Food Can, 14-oz (Size: 14-oz)",878408005183,210000052300
"NutriSource Lamb & Rice Wet Dog Food Can, 13-oz (Size: 13-oz)",073893020059,210000052384
"Tiki Cat Grill Ahi Tuna Recipe Canned Cat Food, 2.8-oz (Size: 2.8-oz)",693804109316,210000052401
"Nulo Cat Freestyle Pate Turkey & Chicken Recipe Grain-Free Canned Cat & Kitten Food, 12.5-oz (Size: 12.5-oz)",811939021048,210000052556
"BFF OMG GRAVY Tuna & Beef Baby Cakes Dinner in Gravy Wet Cat Food Pouch, 3-oz (Size: 3-oz)",878408008986,210000050523
"BFF OMG GRAVY Tuna & Salmon Sweet Cheeks Dinner in Gravy Wet Cat Food Pouch, 3-oz (Size: 3-oz)",878408008993,210000050527
"Lotus Beef Stew Grain-Free Wet Dog Food Can, 5.3-oz (Size: 5.3-oz)",784815104299,210000052593
"Fussie Cat Premium Tuna with Chicken Formula in Aspic Grain-Free Canned Cat Food, 2.82-oz (Size: 2.82-oz)",888641130504,210000050547
"Cats in the Kitchen Pumpkin Jack Splash Tuna in Pumpkin Soup Wet Cat Food Pouch, 3-oz (Size: 3-oz)",878408008245,210000050582
"Victor Grain-Free Beef & Vegetables Entree in Gravy Canned Dog Food, 13.2-oz (Size: 13.2-oz)",854524005450,210000050601
"Victor Grain-Free Turkey & Sweet Potato Stew Canned Dog Food, 13.2-oz (Size: 13.2-oz)",854524005436,210000050603
"The Honest Kitchen Bone Broth Pour Overs Chicken Stew Dog Food Topper, 5.5-oz (Size: 5.5-oz)",855089008153,210000058552
"The Honest Kitchen Bone Broth Pour Overs Beef Stew Dog Food Topper, 5.5-oz (Size: 5.5-oz)",855089008177,210000058558
"Dogs in the Kitchen The Double Dip with Beef & Wild Caught Salmon Au Jus Wet Dog Food Pouch, 2.8-oz (Size: 2.8-oz)",878408004728,210000050712
"Dave's Pet Food Naturally Healthy Fisherman's Stew Wet Cat Food Can, 5.5-oz (Size: 5.5-oz)",685038116635,210000051015
"Dave's Pet Food Naturally Healthy Shredded Chicken Dinner in Gravy Wet Cat Food Can, 5.5-oz (Size: 5.5-oz)",685038116611,210000051019
"Dave's Pet Food Restricted Diet Phosphorus Chicken Liver & Chicken in Juice Pate Canned Cat Food, 5.5-oz (Size: 5.5-oz)",685038118158,210000182782
"Weruva Kitten Chicken & Tuna Formula in Gravy Wet Cat Food Can, 3-oz (Size: 3-oz)",810028242807,210000178904
"The Honest Kitchen One Pot Stew Simmered Salmon & Chicken Stew Wet Dog Food, 10.5-oz (Size: 10.5-oz)",850001022620,210000130000
"The Honest Kitchen Butcher Block Pate Chicken & Super Greens Wet Dog Food, 10.5-oz (Size: 10.5-oz)",850001022446,210000130002
"PureVita Limited Ingredient Beef Entree Wet Dog Food, 12.5-oz (Size: 12.5-oz)",073893962045,210000182925
"PureVita Limited Ingredient Turkey Entree Wet Dog Food, 12.5-oz (Size: 12.5-oz)",073893962014,210000182937
"The Honest Kitchen Butcher Block Pate Beef, Lamb & Spring Veggies Wet Dog Food, 10.5-oz (Size: 10.5-oz)",850012047520,210000175435
"Fromm Family Recipes Frommbalaya Lamb, Vegetable & Rice Stew Canned Dog Food, 12.5-oz (Size: 12.5-oz)",072705132041,210000119387
"Koha Pure Shreds Shredded Chicken Breast & Duck Entrée Wet Cat Food, 2.8-oz (Size: 2.8-oz)",811048023186,210000183410
"Inception Fish Recipe Wet Dog Food, 13-oz (Size: 13-oz)",888641132829,210000099126
"Cats in the Kitchen Pate Cat to The Future Chicken & Salmon Dinner in a Hydrating Puree Wet Cat Food Pouch, 3-oz (Size: 3-oz)",813778017282,210000070609
"Fromm Beef & Barley Pate Canned Dog Food, 12.2-oz (Size: 12.2-oz)",072705118663,210000051581
"NutriSource Grain Free High Plains Select Canned Dog Food, 13-oz (Size: 13-oz)",073893021018,210000051600
"Nulo Dog Freestyle Pate Chicken, Salmon & Lentils Recipe Grain-Free Puppy Canned Dog Food, 13-oz (Size: 13-oz)",811939021413,210000057592
"Nulo Dog Freestyle Pate Turkey, Cod & Sweet Potato Recipe Grain-Free Puppy Canned Dog Food, 13-oz (Size: 13-oz)",811939021420,210000057595
"Essence Air & Gamefowl Wet Dog Food, 13-oz (Size: 13-oz)",888641135042,210000069551
"Essence Ranch & Meadow Wet Dog Food, 13-oz (Size: 13-oz)",888641135103,210000069557
"Almo Nature HQS La Cucina Tuna Dinner with Lobster in Jelly Wet Cat Food Pouch, 1.94 oz (Size: 1.94 oz)",699184010945,210000051872
"Dave's Pet Food Restricted Bland Diet Lamb & Rice Wet Dog Food Can, 13-oz (Size: 13-oz)",685038117403,210000052136
"Weruva Classic Dog Bed & Breakfast with Chicken, Egg, Pumpkin & Ham in Gravy Wet Dog Food Can, 14-oz (Size: 14-oz)",878408005220,210000052290
"Weruva Classic Dog Cirque de la Mer with Tuna & Veggies in Pumpkin Soup Wet Dog Food Can, 14-oz (Size: 14-oz)",878408005107,210000052291
"Weruva Classic Dog Jammin' Salmon with Chicken & Salmon in Pumpkin Soup Wet Dog Food Can, 14-oz (Size: 14-oz)",878408005190,210000052296
"Stella & Chewy's Carnivore Cravings Chicken & Tuna Wet Cat Food, 2.8-oz pouch (Size: 2.8-oz pouch)",810027370006,210000115366
"PureVita Limited Ingredient Chicken Entree Wet Dog Food, 12.5-oz (Size: 12.5-oz)",073893962007,210000182928
"Koha Pure Shreds Shredded Chicken Breast & Beef Entree Canned Dog Food, 12.5-oz (Size: 12.5-oz)",811048023094,210000162427
"Fromm Family Recipes Frommbalaya Turkey, Vegetable & Rice Stew Canned Dog Food, 12.5-oz (Size: 12.5-oz)",072705132027,210000119393
"Fromm Salmon & Chicken Pate Canned Dog Food, 12.2-oz (Size: 12.2-oz)",072705119004,210000052347
"NutriSource Grain Free Seafood Select Formula Canned Dog Food, 13-oz (Size: 13-oz)",073893030034,210000052387
"Tiki Cat After Dark Chicken & Beef Recipe in Broth, 2.8-oz (Size: 2.8-oz)",693804112538,210000052393
"Tiki Cat Luau Seabass Recipe in Seabass Consomme, 2.8-oz (Size: 2.8-oz)",693804109095,210000052409
"BFF OMG GRAVY Tuna & Chicken Charm Me Dinner in Gravy Wet Cat Food Pouch, 3-oz (Size: 3-oz)",878408008979,210000050524
"BFF OMG GRAVY Tuna & Turkey Tickles Dinner in Gravy Wet Cat Food Pouch, 3-oz (Size: 3-oz)",878408008931,210000050528
"Fussie Cat Premium Tuna with Anchovies Formula in Aspic Grain-Free Canned Cat Food, 2.82-oz (Size: 2.82-oz)",888641130559,210000050546
"Fussie Cat Premium Tuna with Ocean Fish Formula in Aspic Grain-Free Canned Cat Food, 2.82-oz (Size: 2.82-oz)",888641130535,210000050549
"Fussie Cat Premium Tuna with Salmon Formula in Aspic Grain-Free Canned Cat Food, 2.82-oz (Size: 2.82-oz)",888641130542,210000050551
"Cats in the Kitchen Mack, Jack & Sam Salmon, Mackerel & Skipjack Tuna in Gravy Wet Cat Food Pouch, 3-oz (Size: 3-oz)",878408008269,210000050581
"The Honest Kitchen Superfood Pour Overs Lamb & Beef Stew with Spinach Dog Food Topper, 5.5-oz (Size: 5.5-oz)",855089008207,210000058567
"Dogs in the Kitchen Fowl Ball with Chicken Breast & Turkey Au Jus Wet Dog Food Can, 10-oz (Size: 10-oz)",878408004865,210000050713
"Dogs in the Kitchen Goldie Lox with Chicken & Wild Caught Salmon Au Jus Wet Dog Food Can, 10-oz (Size: 10-oz)",878408004889,210000050715
"TRULUXE Peking Ducken with Chicken & Duck in Gravy Wet Cat Food Can, 3-oz (Size: 3-oz)",878408003196,210000052829
"Weruva Cat Pate Jeopurrdy Licious Chicken Breast Dinner in a Hydrating Puree Wet Cat Food Pouch, 2.8-oz (Size: 2.8-oz)",813778018999,210000056907
"Weruva Cat Pate Let's Make a Meal Lamb & Mackerel Dinner in a Hydrating Puree Wet Cat Food Pouch, 2.8-oz (Size: 2.8-oz)",813778018975,210000056917
"Weruva Cat Pate Meal of Fortune Chicken Breast Dinner With Chicken Liver in a Hydrating Puree Wet Cat Food Pouch, 2.8-oz (Size: 2.8-oz)",813778018951,210000056922
"Dave's Pet Food Restricted Phosphorous & Protein with Tuna Pate in Gravy Wet Dog Food Can, 5.5-oz (Size: 5.5-oz)",685038118943,210000235230
"Inception Pork Recipe Wet Dog Food, 13-oz (Size: 13-oz)",888641132706,210000099129
"Weruva Wx Phos Focused Chicken Formula in a Hydrating Puree Wet Cat Food Can, 3-oz (Size: 3-oz)",810028242647,210000208112
"Weruva Wx Phos Focused Tilapia & Tuna Formula in a Hydrating Puree Wet Cat Food Can, 3-oz (Size: 3-oz)",810028242654,210000208118
"Fromm Diner Favorites Bud's Beef & Broccoli Stew Canned Dog Food, 12.5-oz (Size: 12.5-oz)",072705132508,210000194057
"Dave's Pet Food Shredded Chicken & Shrimp Dinner in Gravy Wet Cat Food, 2.8-oz (Size: 2.8-oz)",685038118493,210000202138
"Dogs in the Kitchen Funk in the Trunk with Chicken Breast & Pumpkin Au Jus Wet Dog Food Can, 10-oz (Size: 10-oz)",878408004872,210000050714
"NutriSource Puppy Recipe Chicken & Rice Canned Dog Food, 13-oz (Size: 13-oz)",073893040019,210000119375
"BFF PLAY PATE Tuna & Salmon Shhh... Dinner in a Hydrating Puree Wet Cat Food Pouch, 3-oz (Size: 3-oz)",813778015745,210000070594
"BFF PLAY Pate Blast Off! Tuna & Beef Dinner in Puree Grain-Free Wet Cat Food Pouch, 3-oz (Size: 3-oz)",813778015738,210000070597
"Cats in the Kitchen Pate The Karate Kitty Beef & Salmon Dinner in a Hydrating Puree Wet Cat Food Pouch, 3-oz (Size: 3-oz)",813778017251,210000070621
"Weruva Cat Pate Who Wants to be a Meowionaire? Chicken & Pumpkin Dinner in a Hydrating Puree Wet Cat Food Can, 3-oz (Size: 3-oz)",813778018357,210000070650
"Weruva Cat Stew Simmer Down Turkey, Chicken & Salmon Dinner in Gravy Wet Cat Food Pouch, 3-oz (Size: 3-oz)",813778017749,210000069277
"Weruva Cat Stew Stick a Spork in It Duck & Salmon Dinner in Gravy Wet Cat Food Pouch, 3-oz (Size: 3-oz)",813778017756,210000069280
"Fromm Chicken & Sweet Potato Pate Canned Dog Food, 12.2-oz (Size: 12.2-oz)",072705119066,210000051585
"NutriSource Grain Free Prairie Select Canned Dog Food, 13-oz (Size: 13-oz)",073893021025,210000051603
"Essence Air & Gamefowl Wet Cat Food, 5.5-oz (Size: 5.5-oz)",888641132591,210000069533
"BFF OMG GRAVY Chicken & Shrimp Ciao Baby! Dinner in Gravy Wet Cat Food Pouch, 2.8-oz (Size: 2.8-oz)",878408000409,210000051740
"BFF OMG GRAVY Chicken & Tuna Seeya Sooner! Dinner in Gravy Wet Cat Food Pouch, 2.8-oz (Size: 2.8-oz)",878408000416,210000051743
"BFF OMG GRAVY Lamb & Tuna Shazaam! Dinner in Gravy Wet Cat Food Pouch, 2.8-oz (Size: 2.8-oz)",878408000454,210000051744
"Koha Minimal Ingredient Greek Island Grill Slow Cooked Stew Chicken & Lamb Wet Dog Food Can, 12.7-oz (Size: 12.7-oz)",811048021908,210000054268
"Weruva Classic Dog Grandma's Chicken Soup with Chicken & Veggies Wet Dog Food Can, 14-oz (Size: 14-oz)",878408004568,210000052293
"Koha Minimal Ingredient Big Easy Feast Slow Cooked Stew Turkey, Chicken & Duck Wet Dog Food Can, 12.7-oz (Size: 12.7-oz)",811048021915,210000054392
"NutriSource Kitten Chicken, Turkey, Lamb and Fish Canned Cat Food, 5.5-oz (Size: 5.5-oz)",073893020257,210000052466
"BFF OMG GRAVY Tuna & Lamb Luv Ya Dinner in Gravy Wet Cat Food Pouch, 3-oz (Size: 3-oz)",878408008009,210000050526
"Lotus Turkey Stew Grain-Free Wet Dog Food Can, 5.3-oz (Size: 5.3-oz)",784815104275,210000052595
"Cats in the Kitchen Love Me Tender Chicken & Duck in Gravy Wet Cat Food Pouch, 3-oz (Size: 3-oz)",878408008238,210000050580
"Cats in the Kitchen Pumpkin Lickin' Chicken Chicken in Pumpkin Soup Wet Cat Food Pouch, 3-oz (Size: 3-oz)",878408008214,210000050583
"Dogs in the Kitchen Funk in the Trunk with Chicken Breast & Pumpkin Au Jus Wet Dog Food Pouch, 2.8-oz (Size: 2.8-oz)",878408004698,210000050708
"Dogs in the Kitchen Lamburgini with Lamb & Pumpkin Au Jus Wet Dog Food Pouch, 2.8-oz (Size: 2.8-oz)",878408004711,210000050710
"Weruva Classic Cat Marbella Paella with Mackerel, Shrimp & Mussels in Gravy Wet Cat Food Can, 3-oz (Size: 3-oz)",878408001024,210000052817
"Weruva Classic Cat Meow Luau with Mackerel & Pumpkin in Gravy Wet Cat Food Can, 3-oz (Size: 3-oz)",878408001062,210000052818
"TRULUXE Pretty in Pink with Salmon in Gravy Wet Cat Food Can, 3-oz (Size: 3-oz)",878408003233,210000052830
"Weruva Cat Pate Love Connection Chicken & Salmon Dinner in a Hydrating Puree Wet Cat Food Pouch, 2.8-oz (Size: 2.8-oz)",813778018982,210000056912
"Weruva Cat Pate The Newly Feds Beef & Salmon Dinner in a Hydrating Puree Wet Cat Food Pouch, 2.8-oz (Size: 2.8-oz)",813778018968,210000056932
"Dave's Pet Food Naturally Healthy Shredded Salmon Dinner in Gravy Wet Cat Food Can, 5.5 oz (Size: 5.5 oz)",685038115591,210000051049
"Dave's Pet Food Grain-Free Turkey & Bacon Recipe Canned Dog Food, 13-oz (Size: 13-oz)",685038112521,210000051101
"Dave's Pet Food Gravylicious Chicken & Salmon with Veggies Pate Dinner Wet Dog Food Can, 12-oz (Size: 12-oz)",685038118219,210000180037
"Essence LIR Ranch Recipe Wet Dog Food, 13-oz (Size: 13-oz)",888641135226,210000083814
"Fromm Family PurrSnickety Turkey Pate Canned Cat Food, 5.5-oz (Size: 5.5-oz)",072705133529,210000142042
"Inception Chicken & Pork Meal Recipe Wet Dog Food, 13-oz (Size: 13-oz)",888641132881,210000099123
"Weruva Kitten Chicken & Pumpkin Formula in Gravy Wet Cat Food Can, 3-oz (Size: 3-oz)",810028242791,210000178901
"Weruva Kitten Chicken Breast Formula in a Hydrating Puree Wet Cat Food Can, 3-oz (Size: 3-oz)",810028242821,210000178907
"Dave's Pet Food Restricted Sodium Chicken Recipe Canned Dog Food, 13-oz (Size: 13-oz)",685038118004,210000086266
"Koha Pure Shreds Shredded Chicken Breast & Duck Entree Canned Dog Food, 5.5-oz (Size: 5.5-oz)",811048023117,210000162429
"Dave's Pet Food Restricted Bland Diet Chicken & Rice Delicate Dinner Wet Dog Food Can, 13.2-oz (Size: 13.2-oz)",685038118080,210000126501
"Koha Pure Shreds Shredded Chicken Breast & Duck Entrée Wet Cat Food, 5.5-oz (Size: 5.5-oz)",811048023155,210000183412
"Koha Pure Shreds Shredded Chicken Breast Entrée Wet Cat Food, 2.8-oz (Size: 2.8-oz)",811048023179,210000183420
"Dogs in the Kitchen Lamburgini with Lamb & Pumpkin Au Jus Wet Dog Food Can, 10-oz (Size: 10-oz)",878408004896,210000050716
"Victor Shredded Chicken Dinner in Gravy Canned Cat Food, 5.5-oz (Size: 5.5-oz)",854524005467,210000050573
"Cats in the Kitchen Pate Cattyshack Chicken & Shrimp Dinner in a Hydrating Puree Wet Cat Food Pouch, 3-oz (Size: 3-oz)",813778017244,210000070612
"Cats in the Kitchen Pate Meowiss Bueller Chicken & Lamb Dinner in a Hydrating Puree Wet Cat Food Pouch, 3-oz (Size: 3-oz)",813778017275,210000070615
"Weruva Cat Pate Tic Tac Whoa! Tuna & Salmon Dinner in a Hydrating Puree Wet Cat Food Can, 3-oz (Size: 3-oz)",813778018340,210000070645
"Nulo Cat Freestyle Sardine & Beef in Broth Cat Food Topper Pouch, 2.8-oz (Size: 2.8-oz)",811939021741,210000072503
"Fromm Beef & Sweet Potato Pate Canned Dog Food, 12.2-oz (Size: 12.2-oz)",072705119141,210000051584
"NutriSource Grain Free Country Select Canned Cat Food, 5.5-oz (Size: 5.5-oz)",073893022015,210000051630
"NutriSource Grain Free Turkey & Turkey Liver Select Canned Cat Food, 5.5-oz (Size: 5.5-oz)",073893022077,210000051637
"Essence Ocean & Freshwater Wet Cat Food, 5.5-oz (Size: 5.5-oz)",888641132638,210000069536
"Lotus Chicken Stew Grain-Free Wet Dog Food Can, 12.5-oz (Size: 12.5-oz)",784815102905,210000052253
"Weruva Classic Dog Marbella Paella with Mackerel & Pumpkin in Aspic Wet Dog Food Can, 14-oz (Size: 14-oz)",878408005213,210000052297
"Weruva Cat Pate Press Your Dinner! Chicken Breast Dinner with Deboned Chicken in a Hydrating Puree Wet Cat Food Can, 3-oz (Size: 3-oz)",810028241442,210000178893
"Weruva Kitten Chicken Formula Au Jus Wet Cat Food Can, 3-oz (Size: 3-oz)",810028242784,210000178910
"Weruva Kitten Tuna & Salmon Formula in a Hydrating Puree Wet Cat Food Can, 3-oz (Size: 3-oz)",810028242814,210000178913
"The Honest Kitchen Butcher Block Pate Beef, Cheddar & Farm Veggies Wet Dog Food, 10.5-oz (Size: 10.5-oz)",850001022460,210000130004
"The Honest Kitchen Butcher Block Pate Turkey & Autumn Veggies Wet Dog Food, 10.5-oz (Size: 10.5-oz)",850001022484,210000130006
"The Honest Kitchen One Pot Stews Tender Turkey Wet Dog Food, 10.5-oz (Size: 10.5-oz)",850012047605,210000175431
"Fussie Cat Market Fresh Turkey & Guineafowl Recipe Wet Cat Food, 5.5-oz (Size: 5.5-oz)",888641138456,210000204925
"Koha Pure Shreds Shredded Chicken Breast Entree Canned Dog Food, 12.5-oz (Size: 12.5-oz)",811048023070,210000162424
"Koha Pure Shreds Shredded Chicken Breast & Duck Entree Canned Dog Food, 12.5-oz (Size: 12.5-oz)",811048023087,210000162430
"Koha Pure Shreds Shredded Chicken Breast Entrée Wet Cat Food, 5.5-oz (Size: 5.5-oz)",811048023148,210000183422
"Fromm Diner Classics Charlie's Chicken Pot Pie Pate Canned Dog Food, 12.5-oz (Size: 12.5-oz)",072705132300,210000194051
"Fromm Diner Specials Slow-Cooked Pulled Pork Entree in Gravy Canned Dog Food, 12.5-oz (Size: 12.5-oz)",072705132720,210000194066
"Dave's Pet Food Restricted Diet Magnesium Chicken Paté Recipe in Gravy Wet Cat Food, 5.5-oz (Size: 5.5-oz)",685038118516,210000202142
"Stella & Chewy's Carnivore Cravings Shred Tuna & Salmon Wet Cat Food, 2.8-oz (Size: 2.8-oz)",810027371225,210000168448
"Inception Chicken Recipe Wet Dog Food, 13-oz (Size: 13-oz)",888641132768,210000099120
"Dave's Pet Food Restricted Phosphorous & Protein with Tuna Pate in Gravy Wet Dog Food Can, 13.2-oz (Size: 13.2-oz)",685038118967,210000235231
"Weruva Classic Dog Wok The Dog with Chicken, Beef & Pumpkin in Gravy Wet Dog Food Can, 14-oz (Size: 14-oz)",878408005176,210000052302
"Koha Minimal Ingredient Pike Place Platter Slow Cooked Stew Beef & Salmon Wet Dog Food Can, 12.7-oz (Size: 12.7-oz)",811048021939,210000054379
"Fromm Chicken Pate Canned Dog Food, 12.2-oz (Size: 12.2-oz)",072705119028,210000052345
"Tiki Cat After Dark Chicken & Quail Egg Recipe in Broth, 2.8-oz (Size: 2.8-oz)",693804112507,210000052396
"Tiki Cat Grill Sardine Cutlets Recipe in Sardine Consomme, 2.8-oz (Size: 2.8-oz)",693804109392,210000052412
"Fussie Cat Premium Tuna with Mussels Formula in Aspic Grain-Free Canned Cat Food, 2.82-oz (Size: 2.82-oz)",888641130573,210000050548
"Weruva Classic Dog Amazon Livin' with Chicken & Chicken Liver in Pumpkin Soup Wet Dog Food Can, 5.5-oz (Size: 5.5-oz)",878408003141,210000052604
"Weruva Classic Dog Grandma's Chicken Soup with Chicken & Veggies Wet Dog Food Can, 5.5-oz (Size: 5.5-oz)",878408003127,210000052608
"Weruva Classic Dog Jammin' Salmon with Chicken & Salmon in Pumpkin Soup Wet Dog Food Can, 5.5-oz (Size: 5.5-oz)",878408004452,210000052611
"Weruva Classic Dog Steak Frites Dinner with Beef, Pumpkin & Sweet Potato in Gravy Wet Dog Food Can, 5.5-oz (Size: 5.5-oz)",878408003189,210000052615
"Weruva Classic Dog Wok The Dog with Chicken, Beef & Pumpkin in Gravy Wet Dog Food Can, 5.5-oz (Size: 5.5-oz)",878408003172,210000052617
"Cats in the Kitchen Chick Magnet Chicken & Mackerel in Gravy Wet Cat Food Pouch, 3-oz (Size: 3-oz)",878408008221,210000050579
"Lotus Salmon Pate Grain-Free Wet Cat Food Can, 2.75-oz (Size: 2.75-oz)",784815101700,210000052651
"Dogs in the Kitchen Love Me Tender with Chicken Breast Au Jus Wet Dog Food Can, 10-oz (Size: 10-oz)",878408004858,210000050717
"Victor Turkey & Salmon Dinner Canned Cat Food, 5.5-oz (Size: 5.5-oz)",854524005474,210000050574
"Open Farm Rustic Stew Wild-Caught Salmon Recipe Wet Dog Food, 12.5-oz (Size: 12.5-oz)",628451123859,210000053573
"Open Farm Rustic Stew Herring & Mackerel Recipe Wet Dog Food, 12.5-oz (Size: 12.5-oz)",628451123842,210000053551
"Weruva Cat Pate Meows n' Holler Purramid Chicken & Shrimp Dinner in a Hydrating Puree Wet Cat Food Can, 5.5-oz (Size: 5.5-oz)",813778018241,210000070637
"NutriSource Harvest Selects Field & Forest Wet Dog Food Can, 13-oz (Size: 13-oz)",073893020363,210000245445
"NutriSource Harvest Selects Northern Feast Wet Dog Food Can, 13-oz (Size: 13-oz)",073893020370,210000245449
"NutriSource Harvest Selects Hunter's Bounty Wet Dog Food Can, 13-oz (Size: 13-oz)",073893020387,210000245447
"Weruva Cat Pate Jolly Good Fares Chicken & Salmon Dinner in a Hydrating Puree Wet Cat Food Can, 5.5-oz (Size: 5.5-oz)",813778018234,210000070627
"Weruva Classic Cat Paw Lickin' Chicken Chicken Recipe in Gravy Wet Cat Food Can, 3-oz (Size: 3-oz)",878408001116,210000052822
"Weruva Cat Pate Press Your Lunch! Chicken Dinner in a Hydrating Puree Wet Cat Food Can, 5.5-oz (Size: 5.5-oz)",813778018258,210000070642
"BFF OMG GRAVY Chicken & Turkey QT Patootie! Dinner in Gravy Wet Cat Food Can, 2.8-oz (Size: 2.8-oz)",878408003912,210000053039